stations1,stations2
University of California Irvine,Shell - Torrance
University of California Irvine,Los Angeles International Airport
University of California Irvine,SunHydro - Wallingford
University of California Irvine,Messer - Emeryville
University of California Irvine,Air Liquide - Palo Alto
University of California Irvine,Air Liquide - Anaheim
University of California Irvine,Air Products and Chemicals Inc - Los Angeles
University of California Irvine,California State University Los Angeles - Hydrogen Research & Fueling Facility
University of California Irvine,FirstElement - Campbell
University of California Irvine,FirstElement - Coalinga
University of California Irvine,FirstElement - Costa Mesa
University of California Irvine,FirstElement - Hayward
University of California Irvine,FirstElement - La Canada Flintridge
University of California Irvine,FirstElement - Fremont
University of California Irvine,FirstElement - Lake Forest
University of California Irvine,FirstElement - Long Beach
University of California Irvine,FirstElement - Hollywood Blvd
University of California Irvine,FirstElement - Lincoln Blvd
University of California Irvine,FirstElement - Mill Valley
University of California Irvine,FirstElement - Thousand Oaks
University of California Irvine,FirstElement - Del Mar
University of California Irvine,FirstElement - San Jose
University of California Irvine,FirstElement - Santa Barbara
University of California Irvine,FirstElement - Saratoga
University of California Irvine,FirstElement - South Pasadena
University of California Irvine,FirstElement - South San Francisco
University of California Irvine,FirstElement - Truckee
University of California Irvine,Air Products and Chemicals Inc - Lawndale
University of California Irvine,Iwatani - San Ramon
University of California Irvine,Iwatani - Mountain View
University of California Irvine,Iwatani - San Juan Capistrano
University of California Irvine,Air Products and Chemicals Inc - Santa Monica
University of California Irvine,Air Products and Chemicals Inc - Woodland Hills
University of California Irvine,Ramos Oil Co - Iwatani - Shell
University of California Irvine,SERVCO
University of California Irvine,Shell - Hydrogen Technology and Energy Corp
University of California Irvine,Shell - San Francisco 3rd St
University of California Irvine,Shell - San Francisco Mission St
University of California Irvine,Shell - San Francisco Harrison St
University of California Irvine,True Zero - FirstElement - Oakland
University of California Irvine,Shell - Sacramento
University of California Irvine,Shell - Citrus Heights
University of California Irvine,Shell - Hydrogen Technology and Energy Corp
University of California Irvine,ESSO Harnois Groupe Pétrolier - Hydrogenics
University of California Irvine,South Coast Air Quality Management District - Diamond Bar
Shell - Torrance,Los Angeles International Airport
Shell - Torrance,SunHydro - Wallingford
Shell - Torrance,Messer - Emeryville
Shell - Torrance,Air Liquide - Palo Alto
Shell - Torrance,Air Liquide - Anaheim
Shell - Torrance,Air Products and Chemicals Inc - Los Angeles
Shell - Torrance,California State University Los Angeles - Hydrogen Research & Fueling Facility
Shell - Torrance,FirstElement - Campbell
Shell - Torrance,FirstElement - Coalinga
Shell - Torrance,FirstElement - Costa Mesa
Shell - Torrance,FirstElement - Hayward
Shell - Torrance,FirstElement - La Canada Flintridge
Shell - Torrance,FirstElement - Fremont
Shell - Torrance,FirstElement - Lake Forest
Shell - Torrance,FirstElement - Long Beach
Shell - Torrance,FirstElement - Hollywood Blvd
Shell - Torrance,FirstElement - Lincoln Blvd
Shell - Torrance,FirstElement - Mill Valley
Shell - Torrance,FirstElement - Thousand Oaks
Shell - Torrance,FirstElement - Del Mar
Shell - Torrance,FirstElement - San Jose
Shell - Torrance,FirstElement - Santa Barbara
Shell - Torrance,FirstElement - Saratoga
Shell - Torrance,FirstElement - South Pasadena
Shell - Torrance,FirstElement - South San Francisco
Shell - Torrance,FirstElement - Truckee
Shell - Torrance,Air Products and Chemicals Inc - Lawndale
Shell - Torrance,Iwatani - San Ramon
Shell - Torrance,Iwatani - Mountain View
Shell - Torrance,Iwatani - San Juan Capistrano
Shell - Torrance,Air Products and Chemicals Inc - Santa Monica
Shell - Torrance,Air Products and Chemicals Inc - Woodland Hills
Shell - Torrance,Ramos Oil Co - Iwatani - Shell
Shell - Torrance,SERVCO
Shell - Torrance,Shell - Hydrogen Technology and Energy Corp
Shell - Torrance,Shell - San Francisco 3rd St
Shell - Torrance,Shell - San Francisco Mission St
Shell - Torrance,Shell - San Francisco Harrison St
Shell - Torrance,True Zero - FirstElement - Oakland
Shell - Torrance,Shell - Sacramento
Shell - Torrance,Shell - Citrus Heights
Shell - Torrance,Shell - Hydrogen Technology and Energy Corp
Shell - Torrance,ESSO Harnois Groupe Pétrolier - Hydrogenics
Shell - Torrance,South Coast Air Quality Management District - Diamond Bar
Los Angeles International Airport,SunHydro - Wallingford
Los Angeles International Airport,Messer - Emeryville
Los Angeles International Airport,Air Liquide - Palo Alto
Los Angeles International Airport,Air Liquide - Anaheim
Los Angeles International Airport,Air Products and Chemicals Inc - Los Angeles
Los Angeles International Airport,California State University Los Angeles - Hydrogen Research & Fueling Facility
Los Angeles International Airport,FirstElement - Campbell
Los Angeles International Airport,FirstElement - Coalinga
Los Angeles International Airport,FirstElement - Costa Mesa
Los Angeles International Airport,FirstElement - Hayward
Los Angeles International Airport,FirstElement - La Canada Flintridge
Los Angeles International Airport,FirstElement - Fremont
Los Angeles International Airport,FirstElement - Lake Forest
Los Angeles International Airport,FirstElement - Long Beach
Los Angeles International Airport,FirstElement - Hollywood Blvd
Los Angeles International Airport,FirstElement - Lincoln Blvd
Los Angeles International Airport,FirstElement - Mill Valley
Los Angeles International Airport,FirstElement - Thousand Oaks
Los Angeles International Airport,FirstElement - Del Mar
Los Angeles International Airport,FirstElement - San Jose
Los Angeles International Airport,FirstElement - Santa Barbara
Los Angeles International Airport,FirstElement - Saratoga
Los Angeles International Airport,FirstElement - South Pasadena
Los Angeles International Airport,FirstElement - South San Francisco
Los Angeles International Airport,FirstElement - Truckee
Los Angeles International Airport,Air Products and Chemicals Inc - Lawndale
Los Angeles International Airport,Iwatani - San Ramon
Los Angeles International Airport,Iwatani - Mountain View
Los Angeles International Airport,Iwatani - San Juan Capistrano
Los Angeles International Airport,Air Products and Chemicals Inc - Santa Monica
Los Angeles International Airport,Air Products and Chemicals Inc - Woodland Hills
Los Angeles International Airport,Ramos Oil Co - Iwatani - Shell
Los Angeles International Airport,SERVCO
Los Angeles International Airport,Shell - Hydrogen Technology and Energy Corp
Los Angeles International Airport,Shell - San Francisco 3rd St
Los Angeles International Airport,Shell - San Francisco Mission St
Los Angeles International Airport,Shell - San Francisco Harrison St
Los Angeles International Airport,True Zero - FirstElement - Oakland
Los Angeles International Airport,Shell - Sacramento
Los Angeles International Airport,Shell - Citrus Heights
Los Angeles International Airport,Shell - Hydrogen Technology and Energy Corp
Los Angeles International Airport,ESSO Harnois Groupe Pétrolier - Hydrogenics
Los Angeles International Airport,South Coast Air Quality Management District - Diamond Bar
SunHydro - Wallingford,Messer - Emeryville
SunHydro - Wallingford,Air Liquide - Palo Alto
SunHydro - Wallingford,Air Liquide - Anaheim
SunHydro - Wallingford,Air Products and Chemicals Inc - Los Angeles
SunHydro - Wallingford,California State University Los Angeles - Hydrogen Research & Fueling Facility
SunHydro - Wallingford,FirstElement - Campbell
SunHydro - Wallingford,FirstElement - Coalinga
SunHydro - Wallingford,FirstElement - Costa Mesa
SunHydro - Wallingford,FirstElement - Hayward
SunHydro - Wallingford,FirstElement - La Canada Flintridge
SunHydro - Wallingford,FirstElement - Fremont
SunHydro - Wallingford,FirstElement - Lake Forest
SunHydro - Wallingford,FirstElement - Long Beach
SunHydro - Wallingford,FirstElement - Hollywood Blvd
SunHydro - Wallingford,FirstElement - Lincoln Blvd
SunHydro - Wallingford,FirstElement - Mill Valley
SunHydro - Wallingford,FirstElement - Thousand Oaks
SunHydro - Wallingford,FirstElement - Del Mar
SunHydro - Wallingford,FirstElement - San Jose
SunHydro - Wallingford,FirstElement - Santa Barbara
SunHydro - Wallingford,FirstElement - Saratoga
SunHydro - Wallingford,FirstElement - South Pasadena
SunHydro - Wallingford,FirstElement - South San Francisco
SunHydro - Wallingford,FirstElement - Truckee
SunHydro - Wallingford,Air Products and Chemicals Inc - Lawndale
SunHydro - Wallingford,Iwatani - San Ramon
SunHydro - Wallingford,Iwatani - Mountain View
SunHydro - Wallingford,Iwatani - San Juan Capistrano
SunHydro - Wallingford,Air Products and Chemicals Inc - Santa Monica
SunHydro - Wallingford,Air Products and Chemicals Inc - Woodland Hills
SunHydro - Wallingford,Ramos Oil Co - Iwatani - Shell
SunHydro - Wallingford,SERVCO
SunHydro - Wallingford,Shell - Hydrogen Technology and Energy Corp
SunHydro - Wallingford,Shell - San Francisco 3rd St
SunHydro - Wallingford,Shell - San Francisco Mission St
SunHydro - Wallingford,Shell - San Francisco Harrison St
SunHydro - Wallingford,True Zero - FirstElement - Oakland
SunHydro - Wallingford,Shell - Sacramento
SunHydro - Wallingford,Shell - Citrus Heights
SunHydro - Wallingford,Shell - Hydrogen Technology and Energy Corp
SunHydro - Wallingford,ESSO Harnois Groupe Pétrolier - Hydrogenics
SunHydro - Wallingford,South Coast Air Quality Management District - Diamond Bar
Messer - Emeryville,Air Liquide - Palo Alto
Messer - Emeryville,Air Liquide - Anaheim
Messer - Emeryville,Air Products and Chemicals Inc - Los Angeles
Messer - Emeryville,California State University Los Angeles - Hydrogen Research & Fueling Facility
Messer - Emeryville,FirstElement - Campbell
Messer - Emeryville,FirstElement - Coalinga
Messer - Emeryville,FirstElement - Costa Mesa
Messer - Emeryville,FirstElement - Hayward
Messer - Emeryville,FirstElement - La Canada Flintridge
Messer - Emeryville,FirstElement - Fremont
Messer - Emeryville,FirstElement - Lake Forest
Messer - Emeryville,FirstElement - Long Beach
Messer - Emeryville,FirstElement - Hollywood Blvd
Messer - Emeryville,FirstElement - Lincoln Blvd
Messer - Emeryville,FirstElement - Mill Valley
Messer - Emeryville,FirstElement - Thousand Oaks
Messer - Emeryville,FirstElement - Del Mar
Messer - Emeryville,FirstElement - San Jose
Messer - Emeryville,FirstElement - Santa Barbara
Messer - Emeryville,FirstElement - Saratoga
Messer - Emeryville,FirstElement - South Pasadena
Messer - Emeryville,FirstElement - South San Francisco
Messer - Emeryville,FirstElement - Truckee
Messer - Emeryville,Air Products and Chemicals Inc - Lawndale
Messer - Emeryville,Iwatani - San Ramon
Messer - Emeryville,Iwatani - Mountain View
Messer - Emeryville,Iwatani - San Juan Capistrano
Messer - Emeryville,Air Products and Chemicals Inc - Santa Monica
Messer - Emeryville,Air Products and Chemicals Inc - Woodland Hills
Messer - Emeryville,Ramos Oil Co - Iwatani - Shell
Messer - Emeryville,SERVCO
Messer - Emeryville,Shell - Hydrogen Technology and Energy Corp
Messer - Emeryville,Shell - San Francisco 3rd St
Messer - Emeryville,Shell - San Francisco Mission St
Messer - Emeryville,Shell - San Francisco Harrison St
Messer - Emeryville,True Zero - FirstElement - Oakland
Messer - Emeryville,Shell - Sacramento
Messer - Emeryville,Shell - Citrus Heights
Messer - Emeryville,Shell - Hydrogen Technology and Energy Corp
Messer - Emeryville,ESSO Harnois Groupe Pétrolier - Hydrogenics
Messer - Emeryville,South Coast Air Quality Management District - Diamond Bar
Air Liquide - Palo Alto,Air Liquide - Anaheim
Air Liquide - Palo Alto,Air Products and Chemicals Inc - Los Angeles
Air Liquide - Palo Alto,California State University Los Angeles - Hydrogen Research & Fueling Facility
Air Liquide - Palo Alto,FirstElement - Campbell
Air Liquide - Palo Alto,FirstElement - Coalinga
Air Liquide - Palo Alto,FirstElement - Costa Mesa
Air Liquide - Palo Alto,FirstElement - Hayward
Air Liquide - Palo Alto,FirstElement - La Canada Flintridge
Air Liquide - Palo Alto,FirstElement - Fremont
Air Liquide - Palo Alto,FirstElement - Lake Forest
Air Liquide - Palo Alto,FirstElement - Long Beach
Air Liquide - Palo Alto,FirstElement - Hollywood Blvd
Air Liquide - Palo Alto,FirstElement - Lincoln Blvd
Air Liquide - Palo Alto,FirstElement - Mill Valley
Air Liquide - Palo Alto,FirstElement - Thousand Oaks
Air Liquide - Palo Alto,FirstElement - Del Mar
Air Liquide - Palo Alto,FirstElement - San Jose
Air Liquide - Palo Alto,FirstElement - Santa Barbara
Air Liquide - Palo Alto,FirstElement - Saratoga
Air Liquide - Palo Alto,FirstElement - South Pasadena
Air Liquide - Palo Alto,FirstElement - South San Francisco
Air Liquide - Palo Alto,FirstElement - Truckee
Air Liquide - Palo Alto,Air Products and Chemicals Inc - Lawndale
Air Liquide - Palo Alto,Iwatani - San Ramon
Air Liquide - Palo Alto,Iwatani - Mountain View
Air Liquide - Palo Alto,Iwatani - San Juan Capistrano
Air Liquide - Palo Alto,Air Products and Chemicals Inc - Santa Monica
Air Liquide - Palo Alto,Air Products and Chemicals Inc - Woodland Hills
Air Liquide - Palo Alto,Ramos Oil Co - Iwatani - Shell
Air Liquide - Palo Alto,SERVCO
Air Liquide - Palo Alto,Shell - Hydrogen Technology and Energy Corp
Air Liquide - Palo Alto,Shell - San Francisco 3rd St
Air Liquide - Palo Alto,Shell - San Francisco Mission St
Air Liquide - Palo Alto,Shell - San Francisco Harrison St
Air Liquide - Palo Alto,True Zero - FirstElement - Oakland
Air Liquide - Palo Alto,Shell - Sacramento
Air Liquide - Palo Alto,Shell - Citrus Heights
Air Liquide - Palo Alto,Shell - Hydrogen Technology and Energy Corp
Air Liquide - Palo Alto,ESSO Harnois Groupe Pétrolier - Hydrogenics
Air Liquide - Palo Alto,South Coast Air Quality Management District - Diamond Bar
Air Liquide - Anaheim,Air Products and Chemicals Inc - Los Angeles
Air Liquide - Anaheim,California State University Los Angeles - Hydrogen Research & Fueling Facility
Air Liquide - Anaheim,FirstElement - Campbell
Air Liquide - Anaheim,FirstElement - Coalinga
Air Liquide - Anaheim,FirstElement - Costa Mesa
Air Liquide - Anaheim,FirstElement - Hayward
Air Liquide - Anaheim,FirstElement - La Canada Flintridge
Air Liquide - Anaheim,FirstElement - Fremont
Air Liquide - Anaheim,FirstElement - Lake Forest
Air Liquide - Anaheim,FirstElement - Long Beach
Air Liquide - Anaheim,FirstElement - Hollywood Blvd
Air Liquide - Anaheim,FirstElement - Lincoln Blvd
Air Liquide - Anaheim,FirstElement - Mill Valley
Air Liquide - Anaheim,FirstElement - Thousand Oaks
Air Liquide - Anaheim,FirstElement - Del Mar
Air Liquide - Anaheim,FirstElement - San Jose
Air Liquide - Anaheim,FirstElement - Santa Barbara
Air Liquide - Anaheim,FirstElement - Saratoga
Air Liquide - Anaheim,FirstElement - South Pasadena
Air Liquide - Anaheim,FirstElement - South San Francisco
Air Liquide - Anaheim,FirstElement - Truckee
Air Liquide - Anaheim,Air Products and Chemicals Inc - Lawndale
Air Liquide - Anaheim,Iwatani - San Ramon
Air Liquide - Anaheim,Iwatani - Mountain View
Air Liquide - Anaheim,Iwatani - San Juan Capistrano
Air Liquide - Anaheim,Air Products and Chemicals Inc - Santa Monica
Air Liquide - Anaheim,Air Products and Chemicals Inc - Woodland Hills
Air Liquide - Anaheim,Ramos Oil Co - Iwatani - Shell
Air Liquide - Anaheim,SERVCO
Air Liquide - Anaheim,Shell - Hydrogen Technology and Energy Corp
Air Liquide - Anaheim,Shell - San Francisco 3rd St
Air Liquide - Anaheim,Shell - San Francisco Mission St
Air Liquide - Anaheim,Shell - San Francisco Harrison St
Air Liquide - Anaheim,True Zero - FirstElement - Oakland
Air Liquide - Anaheim,Shell - Sacramento
Air Liquide - Anaheim,Shell - Citrus Heights
Air Liquide - Anaheim,Shell - Hydrogen Technology and Energy Corp
Air Liquide - Anaheim,ESSO Harnois Groupe Pétrolier - Hydrogenics
Air Liquide - Anaheim,South Coast Air Quality Management District - Diamond Bar
Air Products and Chemicals Inc - Los Angeles,California State University Los Angeles - Hydrogen Research & Fueling Facility
Air Products and Chemicals Inc - Los Angeles,FirstElement - Campbell
Air Products and Chemicals Inc - Los Angeles,FirstElement - Coalinga
Air Products and Chemicals Inc - Los Angeles,FirstElement - Costa Mesa
Air Products and Chemicals Inc - Los Angeles,FirstElement - Hayward
Air Products and Chemicals Inc - Los Angeles,FirstElement - La Canada Flintridge
Air Products and Chemicals Inc - Los Angeles,FirstElement - Fremont
Air Products and Chemicals Inc - Los Angeles,FirstElement - Lake Forest
Air Products and Chemicals Inc - Los Angeles,FirstElement - Long Beach
Air Products and Chemicals Inc - Los Angeles,FirstElement - Hollywood Blvd
Air Products and Chemicals Inc - Los Angeles,FirstElement - Lincoln Blvd
Air Products and Chemicals Inc - Los Angeles,FirstElement - Mill Valley
Air Products and Chemicals Inc - Los Angeles,FirstElement - Thousand Oaks
Air Products and Chemicals Inc - Los Angeles,FirstElement - Del Mar
Air Products and Chemicals Inc - Los Angeles,FirstElement - San Jose
Air Products and Chemicals Inc - Los Angeles,FirstElement - Santa Barbara
Air Products and Chemicals Inc - Los Angeles,FirstElement - Saratoga
Air Products and Chemicals Inc - Los Angeles,FirstElement - South Pasadena
Air Products and Chemicals Inc - Los Angeles,FirstElement - South San Francisco
Air Products and Chemicals Inc - Los Angeles,FirstElement - Truckee
Air Products and Chemicals Inc - Los Angeles,Air Products and Chemicals Inc - Lawndale
Air Products and Chemicals Inc - Los Angeles,Iwatani - San Ramon
Air Products and Chemicals Inc - Los Angeles,Iwatani - Mountain View
Air Products and Chemicals Inc - Los Angeles,Iwatani - San Juan Capistrano
Air Products and Chemicals Inc - Los Angeles,Air Products and Chemicals Inc - Santa Monica
Air Products and Chemicals Inc - Los Angeles,Air Products and Chemicals Inc - Woodland Hills
Air Products and Chemicals Inc - Los Angeles,Ramos Oil Co - Iwatani - Shell
Air Products and Chemicals Inc - Los Angeles,SERVCO
Air Products and Chemicals Inc - Los Angeles,Shell - Hydrogen Technology and Energy Corp
Air Products and Chemicals Inc - Los Angeles,Shell - San Francisco 3rd St
Air Products and Chemicals Inc - Los Angeles,Shell - San Francisco Mission St
Air Products and Chemicals Inc - Los Angeles,Shell - San Francisco Harrison St
Air Products and Chemicals Inc - Los Angeles,True Zero - FirstElement - Oakland
Air Products and Chemicals Inc - Los Angeles,Shell - Sacramento
Air Products and Chemicals Inc - Los Angeles,Shell - Citrus Heights
Air Products and Chemicals Inc - Los Angeles,Shell - Hydrogen Technology and Energy Corp
Air Products and Chemicals Inc - Los Angeles,ESSO Harnois Groupe Pétrolier - Hydrogenics
Air Products and Chemicals Inc - Los Angeles,South Coast Air Quality Management District - Diamond Bar
California State University Los Angeles - Hydrogen Research & Fueling Facility,FirstElement - Campbell
California State University Los Angeles - Hydrogen Research & Fueling Facility,FirstElement - Coalinga
California State University Los Angeles - Hydrogen Research & Fueling Facility,FirstElement - Costa Mesa
California State University Los Angeles - Hydrogen Research & Fueling Facility,FirstElement - Hayward
California State University Los Angeles - Hydrogen Research & Fueling Facility,FirstElement - La Canada Flintridge
California State University Los Angeles - Hydrogen Research & Fueling Facility,FirstElement - Fremont
California State University Los Angeles - Hydrogen Research & Fueling Facility,FirstElement - Lake Forest
California State University Los Angeles - Hydrogen Research & Fueling Facility,FirstElement - Long Beach
California State University Los Angeles - Hydrogen Research & Fueling Facility,FirstElement - Hollywood Blvd
California State University Los Angeles - Hydrogen Research & Fueling Facility,FirstElement - Lincoln Blvd
California State University Los Angeles - Hydrogen Research & Fueling Facility,FirstElement - Mill Valley
California State University Los Angeles - Hydrogen Research & Fueling Facility,FirstElement - Thousand Oaks
California State University Los Angeles - Hydrogen Research & Fueling Facility,FirstElement - Del Mar
California State University Los Angeles - Hydrogen Research & Fueling Facility,FirstElement - San Jose
California State University Los Angeles - Hydrogen Research & Fueling Facility,FirstElement - Santa Barbara
California State University Los Angeles - Hydrogen Research & Fueling Facility,FirstElement - Saratoga
California State University Los Angeles - Hydrogen Research & Fueling Facility,FirstElement - South Pasadena
California State University Los Angeles - Hydrogen Research & Fueling Facility,FirstElement - South San Francisco
California State University Los Angeles - Hydrogen Research & Fueling Facility,FirstElement - Truckee
California State University Los Angeles - Hydrogen Research & Fueling Facility,Air Products and Chemicals Inc - Lawndale
California State University Los Angeles - Hydrogen Research & Fueling Facility,Iwatani - San Ramon
California State University Los Angeles - Hydrogen Research & Fueling Facility,Iwatani - Mountain View
California State University Los Angeles - Hydrogen Research & Fueling Facility,Iwatani - San Juan Capistrano
California State University Los Angeles - Hydrogen Research & Fueling Facility,Air Products and Chemicals Inc - Santa Monica
California State University Los Angeles - Hydrogen Research & Fueling Facility,Air Products and Chemicals Inc - Woodland Hills
California State University Los Angeles - Hydrogen Research & Fueling Facility,Ramos Oil Co - Iwatani - Shell
California State University Los Angeles - Hydrogen Research & Fueling Facility,SERVCO
California State University Los Angeles - Hydrogen Research & Fueling Facility,Shell - Hydrogen Technology and Energy Corp
California State University Los Angeles - Hydrogen Research & Fueling Facility,Shell - San Francisco 3rd St
California State University Los Angeles - Hydrogen Research & Fueling Facility,Shell - San Francisco Mission St
California State University Los Angeles - Hydrogen Research & Fueling Facility,Shell - San Francisco Harrison St
California State University Los Angeles - Hydrogen Research & Fueling Facility,True Zero - FirstElement - Oakland
California State University Los Angeles - Hydrogen Research & Fueling Facility,Shell - Sacramento
California State University Los Angeles - Hydrogen Research & Fueling Facility,Shell - Citrus Heights
California State University Los Angeles - Hydrogen Research & Fueling Facility,Shell - Hydrogen Technology and Energy Corp
California State University Los Angeles - Hydrogen Research & Fueling Facility,ESSO Harnois Groupe Pétrolier - Hydrogenics
California State University Los Angeles - Hydrogen Research & Fueling Facility,South Coast Air Quality Management District - Diamond Bar
FirstElement - Campbell,FirstElement - Coalinga
FirstElement - Campbell,FirstElement - Costa Mesa
FirstElement - Campbell,FirstElement - Hayward
FirstElement - Campbell,FirstElement - La Canada Flintridge
FirstElement - Campbell,FirstElement - Fremont
FirstElement - Campbell,FirstElement - Lake Forest
FirstElement - Campbell,FirstElement - Long Beach
FirstElement - Campbell,FirstElement - Hollywood Blvd
FirstElement - Campbell,FirstElement - Lincoln Blvd
FirstElement - Campbell,FirstElement - Mill Valley
FirstElement - Campbell,FirstElement - Thousand Oaks
FirstElement - Campbell,FirstElement - Del Mar
FirstElement - Campbell,FirstElement - San Jose
FirstElement - Campbell,FirstElement - Santa Barbara
FirstElement - Campbell,FirstElement - Saratoga
FirstElement - Campbell,FirstElement - South Pasadena
FirstElement - Campbell,FirstElement - South San Francisco
FirstElement - Campbell,FirstElement - Truckee
FirstElement - Campbell,Air Products and Chemicals Inc - Lawndale
FirstElement - Campbell,Iwatani - San Ramon
FirstElement - Campbell,Iwatani - Mountain View
FirstElement - Campbell,Iwatani - San Juan Capistrano
FirstElement - Campbell,Air Products and Chemicals Inc - Santa Monica
FirstElement - Campbell,Air Products and Chemicals Inc - Woodland Hills
FirstElement - Campbell,Ramos Oil Co - Iwatani - Shell
FirstElement - Campbell,SERVCO
FirstElement - Campbell,Shell - Hydrogen Technology and Energy Corp
FirstElement - Campbell,Shell - San Francisco 3rd St
FirstElement - Campbell,Shell - San Francisco Mission St
FirstElement - Campbell,Shell - San Francisco Harrison St
FirstElement - Campbell,True Zero - FirstElement - Oakland
FirstElement - Campbell,Shell - Sacramento
FirstElement - Campbell,Shell - Citrus Heights
FirstElement - Campbell,Shell - Hydrogen Technology and Energy Corp
FirstElement - Campbell,ESSO Harnois Groupe Pétrolier - Hydrogenics
FirstElement - Campbell,South Coast Air Quality Management District - Diamond Bar
FirstElement - Coalinga,FirstElement - Costa Mesa
FirstElement - Coalinga,FirstElement - Hayward
FirstElement - Coalinga,FirstElement - La Canada Flintridge
FirstElement - Coalinga,FirstElement - Fremont
FirstElement - Coalinga,FirstElement - Lake Forest
FirstElement - Coalinga,FirstElement - Long Beach
FirstElement - Coalinga,FirstElement - Hollywood Blvd
FirstElement - Coalinga,FirstElement - Lincoln Blvd
FirstElement - Coalinga,FirstElement - Mill Valley
FirstElement - Coalinga,FirstElement - Thousand Oaks
FirstElement - Coalinga,FirstElement - Del Mar
FirstElement - Coalinga,FirstElement - San Jose
FirstElement - Coalinga,FirstElement - Santa Barbara
FirstElement - Coalinga,FirstElement - Saratoga
FirstElement - Coalinga,FirstElement - South Pasadena
FirstElement - Coalinga,FirstElement - South San Francisco
FirstElement - Coalinga,FirstElement - Truckee
FirstElement - Coalinga,Air Products and Chemicals Inc - Lawndale
FirstElement - Coalinga,Iwatani - San Ramon
FirstElement - Coalinga,Iwatani - Mountain View
FirstElement - Coalinga,Iwatani - San Juan Capistrano
FirstElement - Coalinga,Air Products and Chemicals Inc - Santa Monica
FirstElement - Coalinga,Air Products and Chemicals Inc - Woodland Hills
FirstElement - Coalinga,Ramos Oil Co - Iwatani - Shell
FirstElement - Coalinga,SERVCO
FirstElement - Coalinga,Shell - Hydrogen Technology and Energy Corp
FirstElement - Coalinga,Shell - San Francisco 3rd St
FirstElement - Coalinga,Shell - San Francisco Mission St
FirstElement - Coalinga,Shell - San Francisco Harrison St
FirstElement - Coalinga,True Zero - FirstElement - Oakland
FirstElement - Coalinga,Shell - Sacramento
FirstElement - Coalinga,Shell - Citrus Heights
FirstElement - Coalinga,Shell - Hydrogen Technology and Energy Corp
FirstElement - Coalinga,ESSO Harnois Groupe Pétrolier - Hydrogenics
FirstElement - Coalinga,South Coast Air Quality Management District - Diamond Bar
FirstElement - Costa Mesa,FirstElement - Hayward
FirstElement - Costa Mesa,FirstElement - La Canada Flintridge
FirstElement - Costa Mesa,FirstElement - Fremont
FirstElement - Costa Mesa,FirstElement - Lake Forest
FirstElement - Costa Mesa,FirstElement - Long Beach
FirstElement - Costa Mesa,FirstElement - Hollywood Blvd
FirstElement - Costa Mesa,FirstElement - Lincoln Blvd
FirstElement - Costa Mesa,FirstElement - Mill Valley
FirstElement - Costa Mesa,FirstElement - Thousand Oaks
FirstElement - Costa Mesa,FirstElement - Del Mar
FirstElement - Costa Mesa,FirstElement - San Jose
FirstElement - Costa Mesa,FirstElement - Santa Barbara
FirstElement - Costa Mesa,FirstElement - Saratoga
FirstElement - Costa Mesa,FirstElement - South Pasadena
FirstElement - Costa Mesa,FirstElement - South San Francisco
FirstElement - Costa Mesa,FirstElement - Truckee
FirstElement - Costa Mesa,Air Products and Chemicals Inc - Lawndale
FirstElement - Costa Mesa,Iwatani - San Ramon
FirstElement - Costa Mesa,Iwatani - Mountain View
FirstElement - Costa Mesa,Iwatani - San Juan Capistrano
FirstElement - Costa Mesa,Air Products and Chemicals Inc - Santa Monica
FirstElement - Costa Mesa,Air Products and Chemicals Inc - Woodland Hills
FirstElement - Costa Mesa,Ramos Oil Co - Iwatani - Shell
FirstElement - Costa Mesa,SERVCO
FirstElement - Costa Mesa,Shell - Hydrogen Technology and Energy Corp
FirstElement - Costa Mesa,Shell - San Francisco 3rd St
FirstElement - Costa Mesa,Shell - San Francisco Mission St
FirstElement - Costa Mesa,Shell - San Francisco Harrison St
FirstElement - Costa Mesa,True Zero - FirstElement - Oakland
FirstElement - Costa Mesa,Shell - Sacramento
FirstElement - Costa Mesa,Shell - Citrus Heights
FirstElement - Costa Mesa,Shell - Hydrogen Technology and Energy Corp
FirstElement - Costa Mesa,ESSO Harnois Groupe Pétrolier - Hydrogenics
FirstElement - Costa Mesa,South Coast Air Quality Management District - Diamond Bar
FirstElement - Hayward,FirstElement - La Canada Flintridge
FirstElement - Hayward,FirstElement - Fremont
FirstElement - Hayward,FirstElement - Lake Forest
FirstElement - Hayward,FirstElement - Long Beach
FirstElement - Hayward,FirstElement - Hollywood Blvd
FirstElement - Hayward,FirstElement - Lincoln Blvd
FirstElement - Hayward,FirstElement - Mill Valley
FirstElement - Hayward,FirstElement - Thousand Oaks
FirstElement - Hayward,FirstElement - Del Mar
FirstElement - Hayward,FirstElement - San Jose
FirstElement - Hayward,FirstElement - Santa Barbara
FirstElement - Hayward,FirstElement - Saratoga
FirstElement - Hayward,FirstElement - South Pasadena
FirstElement - Hayward,FirstElement - South San Francisco
FirstElement - Hayward,FirstElement - Truckee
FirstElement - Hayward,Air Products and Chemicals Inc - Lawndale
FirstElement - Hayward,Iwatani - San Ramon
FirstElement - Hayward,Iwatani - Mountain View
FirstElement - Hayward,Iwatani - San Juan Capistrano
FirstElement - Hayward,Air Products and Chemicals Inc - Santa Monica
FirstElement - Hayward,Air Products and Chemicals Inc - Woodland Hills
FirstElement - Hayward,Ramos Oil Co - Iwatani - Shell
FirstElement - Hayward,SERVCO
FirstElement - Hayward,Shell - Hydrogen Technology and Energy Corp
FirstElement - Hayward,Shell - San Francisco 3rd St
FirstElement - Hayward,Shell - San Francisco Mission St
FirstElement - Hayward,Shell - San Francisco Harrison St
FirstElement - Hayward,True Zero - FirstElement - Oakland
FirstElement - Hayward,Shell - Sacramento
FirstElement - Hayward,Shell - Citrus Heights
FirstElement - Hayward,Shell - Hydrogen Technology and Energy Corp
FirstElement - Hayward,ESSO Harnois Groupe Pétrolier - Hydrogenics
FirstElement - Hayward,South Coast Air Quality Management District - Diamond Bar
FirstElement - La Canada Flintridge,FirstElement - Fremont
FirstElement - La Canada Flintridge,FirstElement - Lake Forest
FirstElement - La Canada Flintridge,FirstElement - Long Beach
FirstElement - La Canada Flintridge,FirstElement - Hollywood Blvd
FirstElement - La Canada Flintridge,FirstElement - Lincoln Blvd
FirstElement - La Canada Flintridge,FirstElement - Mill Valley
FirstElement - La Canada Flintridge,FirstElement - Thousand Oaks
FirstElement - La Canada Flintridge,FirstElement - Del Mar
FirstElement - La Canada Flintridge,FirstElement - San Jose
FirstElement - La Canada Flintridge,FirstElement - Santa Barbara
FirstElement - La Canada Flintridge,FirstElement - Saratoga
FirstElement - La Canada Flintridge,FirstElement - South Pasadena
FirstElement - La Canada Flintridge,FirstElement - South San Francisco
FirstElement - La Canada Flintridge,FirstElement - Truckee
FirstElement - La Canada Flintridge,Air Products and Chemicals Inc - Lawndale
FirstElement - La Canada Flintridge,Iwatani - San Ramon
FirstElement - La Canada Flintridge,Iwatani - Mountain View
FirstElement - La Canada Flintridge,Iwatani - San Juan Capistrano
FirstElement - La Canada Flintridge,Air Products and Chemicals Inc - Santa Monica
FirstElement - La Canada Flintridge,Air Products and Chemicals Inc - Woodland Hills
FirstElement - La Canada Flintridge,Ramos Oil Co - Iwatani - Shell
FirstElement - La Canada Flintridge,SERVCO
FirstElement - La Canada Flintridge,Shell - Hydrogen Technology and Energy Corp
FirstElement - La Canada Flintridge,Shell - San Francisco 3rd St
FirstElement - La Canada Flintridge,Shell - San Francisco Mission St
FirstElement - La Canada Flintridge,Shell - San Francisco Harrison St
FirstElement - La Canada Flintridge,True Zero - FirstElement - Oakland
FirstElement - La Canada Flintridge,Shell - Sacramento
FirstElement - La Canada Flintridge,Shell - Citrus Heights
FirstElement - La Canada Flintridge,Shell - Hydrogen Technology and Energy Corp
FirstElement - La Canada Flintridge,ESSO Harnois Groupe Pétrolier - Hydrogenics
FirstElement - La Canada Flintridge,South Coast Air Quality Management District - Diamond Bar
FirstElement - Fremont,FirstElement - Lake Forest
FirstElement - Fremont,FirstElement - Long Beach
FirstElement - Fremont,FirstElement - Hollywood Blvd
FirstElement - Fremont,FirstElement - Lincoln Blvd
FirstElement - Fremont,FirstElement - Mill Valley
FirstElement - Fremont,FirstElement - Thousand Oaks
FirstElement - Fremont,FirstElement - Del Mar
FirstElement - Fremont,FirstElement - San Jose
FirstElement - Fremont,FirstElement - Santa Barbara
FirstElement - Fremont,FirstElement - Saratoga
FirstElement - Fremont,FirstElement - South Pasadena
FirstElement - Fremont,FirstElement - South San Francisco
FirstElement - Fremont,FirstElement - Truckee
FirstElement - Fremont,Air Products and Chemicals Inc - Lawndale
FirstElement - Fremont,Iwatani - San Ramon
FirstElement - Fremont,Iwatani - Mountain View
FirstElement - Fremont,Iwatani - San Juan Capistrano
FirstElement - Fremont,Air Products and Chemicals Inc - Santa Monica
FirstElement - Fremont,Air Products and Chemicals Inc - Woodland Hills
FirstElement - Fremont,Ramos Oil Co - Iwatani - Shell
FirstElement - Fremont,SERVCO
FirstElement - Fremont,Shell - Hydrogen Technology and Energy Corp
FirstElement - Fremont,Shell - San Francisco 3rd St
FirstElement - Fremont,Shell - San Francisco Mission St
FirstElement - Fremont,Shell - San Francisco Harrison St
FirstElement - Fremont,True Zero - FirstElement - Oakland
FirstElement - Fremont,Shell - Sacramento
FirstElement - Fremont,Shell - Citrus Heights
FirstElement - Fremont,Shell - Hydrogen Technology and Energy Corp
FirstElement - Fremont,ESSO Harnois Groupe Pétrolier - Hydrogenics
FirstElement - Fremont,South Coast Air Quality Management District - Diamond Bar
FirstElement - Lake Forest,FirstElement - Long Beach
FirstElement - Lake Forest,FirstElement - Hollywood Blvd
FirstElement - Lake Forest,FirstElement - Lincoln Blvd
FirstElement - Lake Forest,FirstElement - Mill Valley
FirstElement - Lake Forest,FirstElement - Thousand Oaks
FirstElement - Lake Forest,FirstElement - Del Mar
FirstElement - Lake Forest,FirstElement - San Jose
FirstElement - Lake Forest,FirstElement - Santa Barbara
FirstElement - Lake Forest,FirstElement - Saratoga
FirstElement - Lake Forest,FirstElement - South Pasadena
FirstElement - Lake Forest,FirstElement - South San Francisco
FirstElement - Lake Forest,FirstElement - Truckee
FirstElement - Lake Forest,Air Products and Chemicals Inc - Lawndale
FirstElement - Lake Forest,Iwatani - San Ramon
FirstElement - Lake Forest,Iwatani - Mountain View
FirstElement - Lake Forest,Iwatani - San Juan Capistrano
FirstElement - Lake Forest,Air Products and Chemicals Inc - Santa Monica
FirstElement - Lake Forest,Air Products and Chemicals Inc - Woodland Hills
FirstElement - Lake Forest,Ramos Oil Co - Iwatani - Shell
FirstElement - Lake Forest,SERVCO
FirstElement - Lake Forest,Shell - Hydrogen Technology and Energy Corp
FirstElement - Lake Forest,Shell - San Francisco 3rd St
FirstElement - Lake Forest,Shell - San Francisco Mission St
FirstElement - Lake Forest,Shell - San Francisco Harrison St
FirstElement - Lake Forest,True Zero - FirstElement - Oakland
FirstElement - Lake Forest,Shell - Sacramento
FirstElement - Lake Forest,Shell - Citrus Heights
FirstElement - Lake Forest,Shell - Hydrogen Technology and Energy Corp
FirstElement - Lake Forest,ESSO Harnois Groupe Pétrolier - Hydrogenics
FirstElement - Lake Forest,South Coast Air Quality Management District - Diamond Bar
FirstElement - Long Beach,FirstElement - Hollywood Blvd
FirstElement - Long Beach,FirstElement - Lincoln Blvd
FirstElement - Long Beach,FirstElement - Mill Valley
FirstElement - Long Beach,FirstElement - Thousand Oaks
FirstElement - Long Beach,FirstElement - Del Mar
FirstElement - Long Beach,FirstElement - San Jose
FirstElement - Long Beach,FirstElement - Santa Barbara
FirstElement - Long Beach,FirstElement - Saratoga
FirstElement - Long Beach,FirstElement - South Pasadena
FirstElement - Long Beach,FirstElement - South San Francisco
FirstElement - Long Beach,FirstElement - Truckee
FirstElement - Long Beach,Air Products and Chemicals Inc - Lawndale
FirstElement - Long Beach,Iwatani - San Ramon
FirstElement - Long Beach,Iwatani - Mountain View
FirstElement - Long Beach,Iwatani - San Juan Capistrano
FirstElement - Long Beach,Air Products and Chemicals Inc - Santa Monica
FirstElement - Long Beach,Air Products and Chemicals Inc - Woodland Hills
FirstElement - Long Beach,Ramos Oil Co - Iwatani - Shell
FirstElement - Long Beach,SERVCO
FirstElement - Long Beach,Shell - Hydrogen Technology and Energy Corp
FirstElement - Long Beach,Shell - San Francisco 3rd St
FirstElement - Long Beach,Shell - San Francisco Mission St
FirstElement - Long Beach,Shell - San Francisco Harrison St
FirstElement - Long Beach,True Zero - FirstElement - Oakland
FirstElement - Long Beach,Shell - Sacramento
FirstElement - Long Beach,Shell - Citrus Heights
FirstElement - Long Beach,Shell - Hydrogen Technology and Energy Corp
FirstElement - Long Beach,ESSO Harnois Groupe Pétrolier - Hydrogenics
FirstElement - Long Beach,South Coast Air Quality Management District - Diamond Bar
FirstElement - Hollywood Blvd,FirstElement - Lincoln Blvd
FirstElement - Hollywood Blvd,FirstElement - Mill Valley
FirstElement - Hollywood Blvd,FirstElement - Thousand Oaks
FirstElement - Hollywood Blvd,FirstElement - Del Mar
FirstElement - Hollywood Blvd,FirstElement - San Jose
FirstElement - Hollywood Blvd,FirstElement - Santa Barbara
FirstElement - Hollywood Blvd,FirstElement - Saratoga
FirstElement - Hollywood Blvd,FirstElement - South Pasadena
FirstElement - Hollywood Blvd,FirstElement - South San Francisco
FirstElement - Hollywood Blvd,FirstElement - Truckee
FirstElement - Hollywood Blvd,Air Products and Chemicals Inc - Lawndale
FirstElement - Hollywood Blvd,Iwatani - San Ramon
FirstElement - Hollywood Blvd,Iwatani - Mountain View
FirstElement - Hollywood Blvd,Iwatani - San Juan Capistrano
FirstElement - Hollywood Blvd,Air Products and Chemicals Inc - Santa Monica
FirstElement - Hollywood Blvd,Air Products and Chemicals Inc - Woodland Hills
FirstElement - Hollywood Blvd,Ramos Oil Co - Iwatani - Shell
FirstElement - Hollywood Blvd,SERVCO
FirstElement - Hollywood Blvd,Shell - Hydrogen Technology and Energy Corp
FirstElement - Hollywood Blvd,Shell - San Francisco 3rd St
FirstElement - Hollywood Blvd,Shell - San Francisco Mission St
FirstElement - Hollywood Blvd,Shell - San Francisco Harrison St
FirstElement - Hollywood Blvd,True Zero - FirstElement - Oakland
FirstElement - Hollywood Blvd,Shell - Sacramento
FirstElement - Hollywood Blvd,Shell - Citrus Heights
FirstElement - Hollywood Blvd,Shell - Hydrogen Technology and Energy Corp
FirstElement - Hollywood Blvd,ESSO Harnois Groupe Pétrolier - Hydrogenics
FirstElement - Hollywood Blvd,South Coast Air Quality Management District - Diamond Bar
FirstElement - Lincoln Blvd,FirstElement - Mill Valley
FirstElement - Lincoln Blvd,FirstElement - Thousand Oaks
FirstElement - Lincoln Blvd,FirstElement - Del Mar
FirstElement - Lincoln Blvd,FirstElement - San Jose
FirstElement - Lincoln Blvd,FirstElement - Santa Barbara
FirstElement - Lincoln Blvd,FirstElement - Saratoga
FirstElement - Lincoln Blvd,FirstElement - South Pasadena
FirstElement - Lincoln Blvd,FirstElement - South San Francisco
FirstElement - Lincoln Blvd,FirstElement - Truckee
FirstElement - Lincoln Blvd,Air Products and Chemicals Inc - Lawndale
FirstElement - Lincoln Blvd,Iwatani - San Ramon
FirstElement - Lincoln Blvd,Iwatani - Mountain View
FirstElement - Lincoln Blvd,Iwatani - San Juan Capistrano
FirstElement - Lincoln Blvd,Air Products and Chemicals Inc - Santa Monica
FirstElement - Lincoln Blvd,Air Products and Chemicals Inc - Woodland Hills
FirstElement - Lincoln Blvd,Ramos Oil Co - Iwatani - Shell
FirstElement - Lincoln Blvd,SERVCO
FirstElement - Lincoln Blvd,Shell - Hydrogen Technology and Energy Corp
FirstElement - Lincoln Blvd,Shell - San Francisco 3rd St
FirstElement - Lincoln Blvd,Shell - San Francisco Mission St
FirstElement - Lincoln Blvd,Shell - San Francisco Harrison St
FirstElement - Lincoln Blvd,True Zero - FirstElement - Oakland
FirstElement - Lincoln Blvd,Shell - Sacramento
FirstElement - Lincoln Blvd,Shell - Citrus Heights
FirstElement - Lincoln Blvd,Shell - Hydrogen Technology and Energy Corp
FirstElement - Lincoln Blvd,ESSO Harnois Groupe Pétrolier - Hydrogenics
FirstElement - Lincoln Blvd,South Coast Air Quality Management District - Diamond Bar
FirstElement - Mill Valley,FirstElement - Thousand Oaks
FirstElement - Mill Valley,FirstElement - Del Mar
FirstElement - Mill Valley,FirstElement - San Jose
FirstElement - Mill Valley,FirstElement - Santa Barbara
FirstElement - Mill Valley,FirstElement - Saratoga
FirstElement - Mill Valley,FirstElement - South Pasadena
FirstElement - Mill Valley,FirstElement - South San Francisco
FirstElement - Mill Valley,FirstElement - Truckee
FirstElement - Mill Valley,Air Products and Chemicals Inc - Lawndale
FirstElement - Mill Valley,Iwatani - San Ramon
FirstElement - Mill Valley,Iwatani - Mountain View
FirstElement - Mill Valley,Iwatani - San Juan Capistrano
FirstElement - Mill Valley,Air Products and Chemicals Inc - Santa Monica
FirstElement - Mill Valley,Air Products and Chemicals Inc - Woodland Hills
FirstElement - Mill Valley,Ramos Oil Co - Iwatani - Shell
FirstElement - Mill Valley,SERVCO
FirstElement - Mill Valley,Shell - Hydrogen Technology and Energy Corp
FirstElement - Mill Valley,Shell - San Francisco 3rd St
FirstElement - Mill Valley,Shell - San Francisco Mission St
FirstElement - Mill Valley,Shell - San Francisco Harrison St
FirstElement - Mill Valley,True Zero - FirstElement - Oakland
FirstElement - Mill Valley,Shell - Sacramento
FirstElement - Mill Valley,Shell - Citrus Heights
FirstElement - Mill Valley,Shell - Hydrogen Technology and Energy Corp
FirstElement - Mill Valley,ESSO Harnois Groupe Pétrolier - Hydrogenics
FirstElement - Mill Valley,South Coast Air Quality Management District - Diamond Bar
FirstElement - Thousand Oaks,FirstElement - Del Mar
FirstElement - Thousand Oaks,FirstElement - San Jose
FirstElement - Thousand Oaks,FirstElement - Santa Barbara
FirstElement - Thousand Oaks,FirstElement - Saratoga
FirstElement - Thousand Oaks,FirstElement - South Pasadena
FirstElement - Thousand Oaks,FirstElement - South San Francisco
FirstElement - Thousand Oaks,FirstElement - Truckee
FirstElement - Thousand Oaks,Air Products and Chemicals Inc - Lawndale
FirstElement - Thousand Oaks,Iwatani - San Ramon
FirstElement - Thousand Oaks,Iwatani - Mountain View
FirstElement - Thousand Oaks,Iwatani - San Juan Capistrano
FirstElement - Thousand Oaks,Air Products and Chemicals Inc - Santa Monica
FirstElement - Thousand Oaks,Air Products and Chemicals Inc - Woodland Hills
FirstElement - Thousand Oaks,Ramos Oil Co - Iwatani - Shell
FirstElement - Thousand Oaks,SERVCO
FirstElement - Thousand Oaks,Shell - Hydrogen Technology and Energy Corp
FirstElement - Thousand Oaks,Shell - San Francisco 3rd St
FirstElement - Thousand Oaks,Shell - San Francisco Mission St
FirstElement - Thousand Oaks,Shell - San Francisco Harrison St
FirstElement - Thousand Oaks,True Zero - FirstElement - Oakland
FirstElement - Thousand Oaks,Shell - Sacramento
FirstElement - Thousand Oaks,Shell - Citrus Heights
FirstElement - Thousand Oaks,Shell - Hydrogen Technology and Energy Corp
FirstElement - Thousand Oaks,ESSO Harnois Groupe Pétrolier - Hydrogenics
FirstElement - Thousand Oaks,South Coast Air Quality Management District - Diamond Bar
FirstElement - Del Mar,FirstElement - San Jose
FirstElement - Del Mar,FirstElement - Santa Barbara
FirstElement - Del Mar,FirstElement - Saratoga
FirstElement - Del Mar,FirstElement - South Pasadena
FirstElement - Del Mar,FirstElement - South San Francisco
FirstElement - Del Mar,FirstElement - Truckee
FirstElement - Del Mar,Air Products and Chemicals Inc - Lawndale
FirstElement - Del Mar,Iwatani - San Ramon
FirstElement - Del Mar,Iwatani - Mountain View
FirstElement - Del Mar,Iwatani - San Juan Capistrano
FirstElement - Del Mar,Air Products and Chemicals Inc - Santa Monica
FirstElement - Del Mar,Air Products and Chemicals Inc - Woodland Hills
FirstElement - Del Mar,Ramos Oil Co - Iwatani - Shell
FirstElement - Del Mar,SERVCO
FirstElement - Del Mar,Shell - Hydrogen Technology and Energy Corp
FirstElement - Del Mar,Shell - San Francisco 3rd St
FirstElement - Del Mar,Shell - San Francisco Mission St
FirstElement - Del Mar,Shell - San Francisco Harrison St
FirstElement - Del Mar,True Zero - FirstElement - Oakland
FirstElement - Del Mar,Shell - Sacramento
FirstElement - Del Mar,Shell - Citrus Heights
FirstElement - Del Mar,Shell - Hydrogen Technology and Energy Corp
FirstElement - Del Mar,ESSO Harnois Groupe Pétrolier - Hydrogenics
FirstElement - Del Mar,South Coast Air Quality Management District - Diamond Bar
FirstElement - San Jose,FirstElement - Santa Barbara
FirstElement - San Jose,FirstElement - Saratoga
FirstElement - San Jose,FirstElement - South Pasadena
FirstElement - San Jose,FirstElement - South San Francisco
FirstElement - San Jose,FirstElement - Truckee
FirstElement - San Jose,Air Products and Chemicals Inc - Lawndale
FirstElement - San Jose,Iwatani - San Ramon
FirstElement - San Jose,Iwatani - Mountain View
FirstElement - San Jose,Iwatani - San Juan Capistrano
FirstElement - San Jose,Air Products and Chemicals Inc - Santa Monica
FirstElement - San Jose,Air Products and Chemicals Inc - Woodland Hills
FirstElement - San Jose,Ramos Oil Co - Iwatani - Shell
FirstElement - San Jose,SERVCO
FirstElement - San Jose,Shell - Hydrogen Technology and Energy Corp
FirstElement - San Jose,Shell - San Francisco 3rd St
FirstElement - San Jose,Shell - San Francisco Mission St
FirstElement - San Jose,Shell - San Francisco Harrison St
FirstElement - San Jose,True Zero - FirstElement - Oakland
FirstElement - San Jose,Shell - Sacramento
FirstElement - San Jose,Shell - Citrus Heights
FirstElement - San Jose,Shell - Hydrogen Technology and Energy Corp
FirstElement - San Jose,ESSO Harnois Groupe Pétrolier - Hydrogenics
FirstElement - San Jose,South Coast Air Quality Management District - Diamond Bar
FirstElement - Santa Barbara,FirstElement - Saratoga
FirstElement - Santa Barbara,FirstElement - South Pasadena
FirstElement - Santa Barbara,FirstElement - South San Francisco
FirstElement - Santa Barbara,FirstElement - Truckee
FirstElement - Santa Barbara,Air Products and Chemicals Inc - Lawndale
FirstElement - Santa Barbara,Iwatani - San Ramon
FirstElement - Santa Barbara,Iwatani - Mountain View
FirstElement - Santa Barbara,Iwatani - San Juan Capistrano
FirstElement - Santa Barbara,Air Products and Chemicals Inc - Santa Monica
FirstElement - Santa Barbara,Air Products and Chemicals Inc - Woodland Hills
FirstElement - Santa Barbara,Ramos Oil Co - Iwatani - Shell
FirstElement - Santa Barbara,SERVCO
FirstElement - Santa Barbara,Shell - Hydrogen Technology and Energy Corp
FirstElement - Santa Barbara,Shell - San Francisco 3rd St
FirstElement - Santa Barbara,Shell - San Francisco Mission St
FirstElement - Santa Barbara,Shell - San Francisco Harrison St
FirstElement - Santa Barbara,True Zero - FirstElement - Oakland
FirstElement - Santa Barbara,Shell - Sacramento
FirstElement - Santa Barbara,Shell - Citrus Heights
FirstElement - Santa Barbara,Shell - Hydrogen Technology and Energy Corp
FirstElement - Santa Barbara,ESSO Harnois Groupe Pétrolier - Hydrogenics
FirstElement - Santa Barbara,South Coast Air Quality Management District - Diamond Bar
FirstElement - Saratoga,FirstElement - South Pasadena
FirstElement - Saratoga,FirstElement - South San Francisco
FirstElement - Saratoga,FirstElement - Truckee
FirstElement - Saratoga,Air Products and Chemicals Inc - Lawndale
FirstElement - Saratoga,Iwatani - San Ramon
FirstElement - Saratoga,Iwatani - Mountain View
FirstElement - Saratoga,Iwatani - San Juan Capistrano
FirstElement - Saratoga,Air Products and Chemicals Inc - Santa Monica
FirstElement - Saratoga,Air Products and Chemicals Inc - Woodland Hills
FirstElement - Saratoga,Ramos Oil Co - Iwatani - Shell
FirstElement - Saratoga,SERVCO
FirstElement - Saratoga,Shell - Hydrogen Technology and Energy Corp
FirstElement - Saratoga,Shell - San Francisco 3rd St
FirstElement - Saratoga,Shell - San Francisco Mission St
FirstElement - Saratoga,Shell - San Francisco Harrison St
FirstElement - Saratoga,True Zero - FirstElement - Oakland
FirstElement - Saratoga,Shell - Sacramento
FirstElement - Saratoga,Shell - Citrus Heights
FirstElement - Saratoga,Shell - Hydrogen Technology and Energy Corp
FirstElement - Saratoga,ESSO Harnois Groupe Pétrolier - Hydrogenics
FirstElement - Saratoga,South Coast Air Quality Management District - Diamond Bar
FirstElement - South Pasadena,FirstElement - South San Francisco
FirstElement - South Pasadena,FirstElement - Truckee
FirstElement - South Pasadena,Air Products and Chemicals Inc - Lawndale
FirstElement - South Pasadena,Iwatani - San Ramon
FirstElement - South Pasadena,Iwatani - Mountain View
FirstElement - South Pasadena,Iwatani - San Juan Capistrano
FirstElement - South Pasadena,Air Products and Chemicals Inc - Santa Monica
FirstElement - South Pasadena,Air Products and Chemicals Inc - Woodland Hills
FirstElement - South Pasadena,Ramos Oil Co - Iwatani - Shell
FirstElement - South Pasadena,SERVCO
FirstElement - South Pasadena,Shell - Hydrogen Technology and Energy Corp
FirstElement - South Pasadena,Shell - San Francisco 3rd St
FirstElement - South Pasadena,Shell - San Francisco Mission St
FirstElement - South Pasadena,Shell - San Francisco Harrison St
FirstElement - South Pasadena,True Zero - FirstElement - Oakland
FirstElement - South Pasadena,Shell - Sacramento
FirstElement - South Pasadena,Shell - Citrus Heights
FirstElement - South Pasadena,Shell - Hydrogen Technology and Energy Corp
FirstElement - South Pasadena,ESSO Harnois Groupe Pétrolier - Hydrogenics
FirstElement - South Pasadena,South Coast Air Quality Management District - Diamond Bar
FirstElement - South San Francisco,FirstElement - Truckee
FirstElement - South San Francisco,Air Products and Chemicals Inc - Lawndale
FirstElement - South San Francisco,Iwatani - San Ramon
FirstElement - South San Francisco,Iwatani - Mountain View
FirstElement - South San Francisco,Iwatani - San Juan Capistrano
FirstElement - South San Francisco,Air Products and Chemicals Inc - Santa Monica
FirstElement - South San Francisco,Air Products and Chemicals Inc - Woodland Hills
FirstElement - South San Francisco,Ramos Oil Co - Iwatani - Shell
FirstElement - South San Francisco,SERVCO
FirstElement - South San Francisco,Shell - Hydrogen Technology and Energy Corp
FirstElement - South San Francisco,Shell - San Francisco 3rd St
FirstElement - South San Francisco,Shell - San Francisco Mission St
FirstElement - South San Francisco,Shell - San Francisco Harrison St
FirstElement - South San Francisco,True Zero - FirstElement - Oakland
FirstElement - South San Francisco,Shell - Sacramento
FirstElement - South San Francisco,Shell - Citrus Heights
FirstElement - South San Francisco,Shell - Hydrogen Technology and Energy Corp
FirstElement - South San Francisco,ESSO Harnois Groupe Pétrolier - Hydrogenics
FirstElement - South San Francisco,South Coast Air Quality Management District - Diamond Bar
FirstElement - Truckee,Air Products and Chemicals Inc - Lawndale
FirstElement - Truckee,Iwatani - San Ramon
FirstElement - Truckee,Iwatani - Mountain View
FirstElement - Truckee,Iwatani - San Juan Capistrano
FirstElement - Truckee,Air Products and Chemicals Inc - Santa Monica
FirstElement - Truckee,Air Products and Chemicals Inc - Woodland Hills
FirstElement - Truckee,Ramos Oil Co - Iwatani - Shell
FirstElement - Truckee,SERVCO
FirstElement - Truckee,Shell - Hydrogen Technology and Energy Corp
FirstElement - Truckee,Shell - San Francisco 3rd St
FirstElement - Truckee,Shell - San Francisco Mission St
FirstElement - Truckee,Shell - San Francisco Harrison St
FirstElement - Truckee,True Zero - FirstElement - Oakland
FirstElement - Truckee,Shell - Sacramento
FirstElement - Truckee,Shell - Citrus Heights
FirstElement - Truckee,Shell - Hydrogen Technology and Energy Corp
FirstElement - Truckee,ESSO Harnois Groupe Pétrolier - Hydrogenics
FirstElement - Truckee,South Coast Air Quality Management District - Diamond Bar
Air Products and Chemicals Inc - Lawndale,Iwatani - San Ramon
Air Products and Chemicals Inc - Lawndale,Iwatani - Mountain View
Air Products and Chemicals Inc - Lawndale,Iwatani - San Juan Capistrano
Air Products and Chemicals Inc - Lawndale,Air Products and Chemicals Inc - Santa Monica
Air Products and Chemicals Inc - Lawndale,Air Products and Chemicals Inc - Woodland Hills
Air Products and Chemicals Inc - Lawndale,Ramos Oil Co - Iwatani - Shell
Air Products and Chemicals Inc - Lawndale,SERVCO
Air Products and Chemicals Inc - Lawndale,Shell - Hydrogen Technology and Energy Corp
Air Products and Chemicals Inc - Lawndale,Shell - San Francisco 3rd St
Air Products and Chemicals Inc - Lawndale,Shell - San Francisco Mission St
Air Products and Chemicals Inc - Lawndale,Shell - San Francisco Harrison St
Air Products and Chemicals Inc - Lawndale,True Zero - FirstElement - Oakland
Air Products and Chemicals Inc - Lawndale,Shell - Sacramento
Air Products and Chemicals Inc - Lawndale,Shell - Citrus Heights
Air Products and Chemicals Inc - Lawndale,Shell - Hydrogen Technology and Energy Corp
Air Products and Chemicals Inc - Lawndale,ESSO Harnois Groupe Pétrolier - Hydrogenics
Air Products and Chemicals Inc - Lawndale,South Coast Air Quality Management District - Diamond Bar
Iwatani - San Ramon,Iwatani - Mountain View
Iwatani - San Ramon,Iwatani - San Juan Capistrano
Iwatani - San Ramon,Air Products and Chemicals Inc - Santa Monica
Iwatani - San Ramon,Air Products and Chemicals Inc - Woodland Hills
Iwatani - San Ramon,Ramos Oil Co - Iwatani - Shell
Iwatani - San Ramon,SERVCO
Iwatani - San Ramon,Shell - Hydrogen Technology and Energy Corp
Iwatani - San Ramon,Shell - San Francisco 3rd St
Iwatani - San Ramon,Shell - San Francisco Mission St
Iwatani - San Ramon,Shell - San Francisco Harrison St
Iwatani - San Ramon,True Zero - FirstElement - Oakland
Iwatani - San Ramon,Shell - Sacramento
Iwatani - San Ramon,Shell - Citrus Heights
Iwatani - San Ramon,Shell - Hydrogen Technology and Energy Corp
Iwatani - San Ramon,ESSO Harnois Groupe Pétrolier - Hydrogenics
Iwatani - San Ramon,South Coast Air Quality Management District - Diamond Bar
Iwatani - Mountain View,Iwatani - San Juan Capistrano
Iwatani - Mountain View,Air Products and Chemicals Inc - Santa Monica
Iwatani - Mountain View,Air Products and Chemicals Inc - Woodland Hills
Iwatani - Mountain View,Ramos Oil Co - Iwatani - Shell
Iwatani - Mountain View,SERVCO
Iwatani - Mountain View,Shell - Hydrogen Technology and Energy Corp
Iwatani - Mountain View,Shell - San Francisco 3rd St
Iwatani - Mountain View,Shell - San Francisco Mission St
Iwatani - Mountain View,Shell - San Francisco Harrison St
Iwatani - Mountain View,True Zero - FirstElement - Oakland
Iwatani - Mountain View,Shell - Sacramento
Iwatani - Mountain View,Shell - Citrus Heights
Iwatani - Mountain View,Shell - Hydrogen Technology and Energy Corp
Iwatani - Mountain View,ESSO Harnois Groupe Pétrolier - Hydrogenics
Iwatani - Mountain View,South Coast Air Quality Management District - Diamond Bar
Iwatani - San Juan Capistrano,Air Products and Chemicals Inc - Santa Monica
Iwatani - San Juan Capistrano,Air Products and Chemicals Inc - Woodland Hills
Iwatani - San Juan Capistrano,Ramos Oil Co - Iwatani - Shell
Iwatani - San Juan Capistrano,SERVCO
Iwatani - San Juan Capistrano,Shell - Hydrogen Technology and Energy Corp
Iwatani - San Juan Capistrano,Shell - San Francisco 3rd St
Iwatani - San Juan Capistrano,Shell - San Francisco Mission St
Iwatani - San Juan Capistrano,Shell - San Francisco Harrison St
Iwatani - San Juan Capistrano,True Zero - FirstElement - Oakland
Iwatani - San Juan Capistrano,Shell - Sacramento
Iwatani - San Juan Capistrano,Shell - Citrus Heights
Iwatani - San Juan Capistrano,Shell - Hydrogen Technology and Energy Corp
Iwatani - San Juan Capistrano,ESSO Harnois Groupe Pétrolier - Hydrogenics
Iwatani - San Juan Capistrano,South Coast Air Quality Management District - Diamond Bar
Air Products and Chemicals Inc - Santa Monica,Air Products and Chemicals Inc - Woodland Hills
Air Products and Chemicals Inc - Santa Monica,Ramos Oil Co - Iwatani - Shell
Air Products and Chemicals Inc - Santa Monica,SERVCO
Air Products and Chemicals Inc - Santa Monica,Shell - Hydrogen Technology and Energy Corp
Air Products and Chemicals Inc - Santa Monica,Shell - San Francisco 3rd St
Air Products and Chemicals Inc - Santa Monica,Shell - San Francisco Mission St
Air Products and Chemicals Inc - Santa Monica,Shell - San Francisco Harrison St
Air Products and Chemicals Inc - Santa Monica,True Zero - FirstElement - Oakland
Air Products and Chemicals Inc - Santa Monica,Shell - Sacramento
Air Products and Chemicals Inc - Santa Monica,Shell - Citrus Heights
Air Products and Chemicals Inc - Santa Monica,Shell - Hydrogen Technology and Energy Corp
Air Products and Chemicals Inc - Santa Monica,ESSO Harnois Groupe Pétrolier - Hydrogenics
Air Products and Chemicals Inc - Santa Monica,South Coast Air Quality Management District - Diamond Bar
Air Products and Chemicals Inc - Woodland Hills,Ramos Oil Co - Iwatani - Shell
Air Products and Chemicals Inc - Woodland Hills,SERVCO
Air Products and Chemicals Inc - Woodland Hills,Shell - Hydrogen Technology and Energy Corp
Air Products and Chemicals Inc - Woodland Hills,Shell - San Francisco 3rd St
Air Products and Chemicals Inc - Woodland Hills,Shell - San Francisco Mission St
Air Products and Chemicals Inc - Woodland Hills,Shell - San Francisco Harrison St
Air Products and Chemicals Inc - Woodland Hills,True Zero - FirstElement - Oakland
Air Products and Chemicals Inc - Woodland Hills,Shell - Sacramento
Air Products and Chemicals Inc - Woodland Hills,Shell - Citrus Heights
Air Products and Chemicals Inc - Woodland Hills,Shell - Hydrogen Technology and Energy Corp
Air Products and Chemicals Inc - Woodland Hills,ESSO Harnois Groupe Pétrolier - Hydrogenics
Air Products and Chemicals Inc - Woodland Hills,South Coast Air Quality Management District - Diamond Bar
Ramos Oil Co - Iwatani - Shell,SERVCO
Ramos Oil Co - Iwatani - Shell,Shell - Hydrogen Technology and Energy Corp
Ramos Oil Co - Iwatani - Shell,Shell - San Francisco 3rd St
Ramos Oil Co - Iwatani - Shell,Shell - San Francisco Mission St
Ramos Oil Co - Iwatani - Shell,Shell - San Francisco Harrison St
Ramos Oil Co - Iwatani - Shell,True Zero - FirstElement - Oakland
Ramos Oil Co - Iwatani - Shell,Shell - Sacramento
Ramos Oil Co - Iwatani - Shell,Shell - Citrus Heights
Ramos Oil Co - Iwatani - Shell,Shell - Hydrogen Technology and Energy Corp
Ramos Oil Co - Iwatani - Shell,ESSO Harnois Groupe Pétrolier - Hydrogenics
Ramos Oil Co - Iwatani - Shell,South Coast Air Quality Management District - Diamond Bar
SERVCO,Shell - Hydrogen Technology and Energy Corp
SERVCO,Shell - San Francisco 3rd St
SERVCO,Shell - San Francisco Mission St
SERVCO,Shell - San Francisco Harrison St
SERVCO,True Zero - FirstElement - Oakland
SERVCO,Shell - Sacramento
SERVCO,Shell - Citrus Heights
SERVCO,Shell - Hydrogen Technology and Energy Corp
SERVCO,ESSO Harnois Groupe Pétrolier - Hydrogenics
SERVCO,South Coast Air Quality Management District - Diamond Bar
Shell - Hydrogen Technology and Energy Corp,Shell - San Francisco 3rd St
Shell - Hydrogen Technology and Energy Corp,Shell - San Francisco Mission St
Shell - Hydrogen Technology and Energy Corp,Shell - San Francisco Harrison St
Shell - Hydrogen Technology and Energy Corp,True Zero - FirstElement - Oakland
Shell - Hydrogen Technology and Energy Corp,Shell - Sacramento
Shell - Hydrogen Technology and Energy Corp,Shell - Citrus Heights
Shell - Hydrogen Technology and Energy Corp,Shell - Hydrogen Technology and Energy Corp
Shell - Hydrogen Technology and Energy Corp,ESSO Harnois Groupe Pétrolier - Hydrogenics
Shell - Hydrogen Technology and Energy Corp,South Coast Air Quality Management District - Diamond Bar
Shell - San Francisco 3rd St,Shell - San Francisco Mission St
Shell - San Francisco 3rd St,Shell - San Francisco Harrison St
Shell - San Francisco 3rd St,True Zero - FirstElement - Oakland
Shell - San Francisco 3rd St,Shell - Sacramento
Shell - San Francisco 3rd St,Shell - Citrus Heights
Shell - San Francisco 3rd St,Shell - Hydrogen Technology and Energy Corp
Shell - San Francisco 3rd St,ESSO Harnois Groupe Pétrolier - Hydrogenics
Shell - San Francisco 3rd St,South Coast Air Quality Management District - Diamond Bar
Shell - San Francisco Mission St,Shell - San Francisco Harrison St
Shell - San Francisco Mission St,True Zero - FirstElement - Oakland
Shell - San Francisco Mission St,Shell - Sacramento
Shell - San Francisco Mission St,Shell - Citrus Heights
Shell - San Francisco Mission St,Shell - Hydrogen Technology and Energy Corp
Shell - San Francisco Mission St,ESSO Harnois Groupe Pétrolier - Hydrogenics
Shell - San Francisco Mission St,South Coast Air Quality Management District - Diamond Bar
Shell - San Francisco Harrison St,True Zero - FirstElement - Oakland
Shell - San Francisco Harrison St,Shell - Sacramento
Shell - San Francisco Harrison St,Shell - Citrus Heights
Shell - San Francisco Harrison St,Shell - Hydrogen Technology and Energy Corp
Shell - San Francisco Harrison St,ESSO Harnois Groupe Pétrolier - Hydrogenics
Shell - San Francisco Harrison St,South Coast Air Quality Management District - Diamond Bar
True Zero - FirstElement - Oakland,Shell - Sacramento
True Zero - FirstElement - Oakland,Shell - Citrus Heights
True Zero - FirstElement - Oakland,Shell - Hydrogen Technology and Energy Corp
True Zero - FirstElement - Oakland,ESSO Harnois Groupe Pétrolier - Hydrogenics
True Zero - FirstElement - Oakland,South Coast Air Quality Management District - Diamond Bar
Shell - Sacramento,Shell - Citrus Heights
Shell - Sacramento,Shell - Hydrogen Technology and Energy Corp
Shell - Sacramento,ESSO Harnois Groupe Pétrolier - Hydrogenics
Shell - Sacramento,South Coast Air Quality Management District - Diamond Bar
Shell - Citrus Heights,Shell - Hydrogen Technology and Energy Corp
Shell - Citrus Heights,ESSO Harnois Groupe Pétrolier - Hydrogenics
Shell - Citrus Heights,South Coast Air Quality Management District - Diamond Bar
Shell - Hydrogen Technology and Energy Corp,ESSO Harnois Groupe Pétrolier - Hydrogenics
Shell - Hydrogen Technology and Energy Corp,South Coast Air Quality Management District - Diamond Bar
ESSO Harnois Groupe Pétrolier - Hydrogenics,South Coast Air Quality Management District - Diamond Bar
